Image,PM10,Status
Good1,27,Good
Good2,27,Good
Good3,27,Good
Good4,27,Good
Good5,27,Good
Good6,27,Good
Good7,27,Good
Good8,59,Good
Good9,59,Good
Good10,59,Good
Good11,59,Good
Good12,59,Good
Good13,59,Good
Good14,29,Good
Good15,29,Good
Good16,29,Good
Good17,29,Good
Good18,29,Good
Good19,29,Good
Good20,29,Good
Good21,29,Good
Good22,29,Good
Good23,29,Good
Good24,29,Good
Good25,29,Good
Good26,58,Good
Good27,58,Good
Good28,58,Good
Good29,58,Good
Good30,58,Good
Good31,58,Good
Good32,58,Good
Good33,73,Good
Good34,73,Good
Good35,73,Good
Good36,73,Good
Good37,56,Good
Good38,56,Good
Good39,56,Good
Good40,56,Good
Good41,56,Good
Good42,56,Good
Good43,56,Good
Good44,74,Good
Good45,74,Good
Good46,74,Good
Good47,74,Good
Good48,74,Good
Good49,74,Good
Good50,74,Good
Good51,74,Good
Good52,74,Good
Good53,74,Good
Good54,74,Good
Good55,74,Good
Good56,74,Good
Good57,74,Good
Good58,72,Good
Good59,72,Good
Good60,72,Good
Good61,72,Good
Good62,72,Good
Good63,72,Good
Good64,66,Good
Good65,66,Good
Good66,66,Good
Good67,66,Good
Good68,66,Good
Good69,66,Good
Good70,52,Good
Good71,52,Good
Good72,52,Good
Good73,52,Good
Good74,52,Good
Good75,52,Good
Good76,52,Good
Good77,28,Good
Good78,28,Good
Good79,28,Good
Good80,28,Good
Good81,28,Good
Good82,28,Good
Good83,28,Good
Good84,26,Good
Good85,26,Good
Good86,26,Good
Good87,26,Good
Good88,26,Good
Good89,26,Good
Good90,26,Good
Good91,26,Good
Good92,51,Good
Good93,51,Good
Good94,51,Good
Good95,51,Good
Good96,51,Good
Good97,51,Good
Good98,60,Good
Good99,60,Good
Good100,60,Good
Good101,60,Good
Good102,60,Good
Good103,60,Good
Good104,58,Good
Good105,58,Good
Good106,58,Good
Good107,58,Good
Good108,58,Good
Good109,58,Good
Good110,55,Good
Good111,55,Good
Good112,55,Good
Good113,55,Good
Good114,55,Good
Good115,55,Good
Good116,55,Good
Good117,66,Good
Good118,66,Good
Good119,66,Good
Good120,66,Good
Good121,66,Good
Good122,66,Good
Good123,66,Good
Good124,39,Good
Good125,39,Good
Good126,39,Good
Good127,39,Good
Good128,39,Good
Good129,39,Good
Good130,39,Good
Good131,29,Good
Good132,29,Good
Moderate133,104,Moderate
Moderate134,104,Moderate
Moderate135,104,Moderate
Moderate136,104,Moderate
Moderate137,104,Moderate
Moderate138,104,Moderate
Moderate139,104,Moderate
Moderate140,98,Moderate
Moderate141,98,Moderate
Moderate142,98,Moderate
Moderate143,98,Moderate
Moderate144,93,Moderate
Moderate145,93,Moderate
Moderate146,93,Moderate
Moderate147,93,Moderate
Moderate148,93,Moderate
Moderate149,93,Moderate
Moderate150,93,Moderate
Moderate151,128,Moderate
Moderate152,128,Moderate
Moderate153,128,Moderate
Moderate154,128,Moderate
Moderate155,128,Moderate
Moderate156,128,Moderate
Moderate157,145,Moderate
Moderate158,145,Moderate
Moderate159,145,Moderate
Moderate160,145,Moderate
Moderate161,145,Moderate
Moderate162,145,Moderate
Moderate163,120,Moderate
Moderate164,120,Moderate
Moderate165,120,Moderate
Moderate166,120,Moderate
Moderate167,120,Moderate
Moderate168,120,Moderate
Moderate169,138,Moderate
Moderate170,138,Moderate
Moderate171,138,Moderate
Moderate172,138,Moderate
Moderate173,138,Moderate
Moderate174,138,Moderate
Moderate175,109,Moderate
Moderate176,109,Moderate
Moderate177,109,Moderate
Moderate178,109,Moderate
Moderate179,109,Moderate
Moderate180,109,Moderate
Moderate181,101,Moderate
Moderate182,101,Moderate
Moderate183,101,Moderate
Moderate184,101,Moderate
Moderate185,101,Moderate
Moderate186,101,Moderate
Moderate187,101,Moderate
Moderate188,101,Moderate
Moderate189,101,Moderate
Dangerous190,278,Dangerous
Dangerous191,278,Dangerous
Dangerous192,278,Dangerous
Dangerous193,278,Dangerous
Dangerous194,278,Dangerous
Dangerous195,278,Dangerous
Dangerous196,278,Dangerous
Dangerous197,278,Dangerous
Dangerous198,278,Dangerous
Dangerous199,209,Dangerous
Dangerous200,209,Dangerous
Good201,37,Good
Good202,37,Good
Good203,37,Good
Good204,37,Good
Good205,32,Good
Good206,32,Good
Good207,32,Good
Good208,32,Good
Good209,32,Good
Good210,21,Good
Good211,21,Good
Good212,21,Good
Good213,21,Good
Good214,21,Good
Good215,16,Good
Good216,16,Good
Good217,16,Good
Good218,16,Good
Good219,50,Good
Good220,50,Good
Good221,50,Good
Good222,50,Good
Good223,50,Good
Good224,45,Good
Good225,45,Good
Good226,45,Good
Good227,41,Good
Good228,41,Good
Good229,41,Good
Good230,41,Good
Good231,41,Good
Good232,57,Good
Good233,57,Good
Good234,57,Good
Good235,57,Good
Good236,57,Good
Good237,26,Good
Good238,26,Good
Good239,26,Good
Good240,26,Good
Good241,16,Good
Good242,16,Good
Good243,16,Good
Good244,16,Good
Moderate245,88,Moderate
Moderate246,88,Moderate
Moderate247,88,Moderate
Moderate248,88,Moderate
Moderate249,79,Moderate
Moderate250,79,Moderate
Good251,55,Good
Good252,55,Good
Good253,55,Good
Good254,55,Good
Good255,38,Good
Good256,38,Good
Good257,38,Good
Good258,49,Good
Good259,49,Good
Good260,49,Good
Good261,49,Good
Good262,49,Good
Good263,64,Good
Good264,64,Good
Good265,64,Good
Moderate266,80,Moderate
Moderate267,80,Moderate
Moderate268,80,Moderate
Good269,59,Good
Good270,59,Good
Good271,47,Good
Good272,47,Good
Good273,47,Good
Good274,47,Good
Moderate275,78,Moderate
Moderate276,78,Moderate
Moderate277,78,Moderate
Moderate278,78,Moderate
Good279,37,Good
Good280,37,Good
Good281,37,Good
Good282,37,Good
Good283,37,Good
Good284,37,Good
Good285,37,Good
Moderate286,106,Moderate
Moderate287,106,Moderate
Moderate288,106,Moderate
Moderate289,106,Moderate
Moderate290,106,Moderate
Moderate291,106,Moderate
Moderate292,106,Moderate
Moderate293,111,Moderate
Moderate294,111,Moderate
Moderate295,111,Moderate
Moderate296,111,Moderate
Moderate297,111,Moderate
Moderate298,111,Moderate
Moderate299,87,Moderate
Moderate300,87,Moderate
Moderate301,87,Moderate
Moderate302,87,Moderate
Moderate303,87,Moderate
Good304,32,Good
Good305,32,Good
Good306,32,Good
Good307,32,Good
Good308,32,Good
Good309,32,Good
Good310,32,Good
Good311,22,Good
Good312,22,Good
Good313,22,Good
Good314,23,Good
Good315,23,Good
Good316,23,Good
Good317,23,Good
Good318,23,Good
Good319,23,Good
Good320,23,Good
Moderate321,113,Moderate
Moderate322,113,Moderate
Moderate323,113,Moderate
Moderate324,113,Moderate
Moderate325,113,Moderate
Good326,53,Good
Good327,53,Good
Good328,41,Good
Good329,41,Good
Good330,41,Good
Good331,28,Good
Good332,28,Good
Good333,28,Good
Good334,28,Good
Moderate335,138,Moderate
Moderate336,138,Moderate
Moderate337,138,Moderate
Moderate338,138,Moderate
Moderate339,138,Moderate
Moderate340,88,Moderate
Moderate341,88,Moderate
Moderate342,103,Moderate
Moderate343,103,Moderate
Moderate344,103,Moderate
Moderate345,103,Moderate
Moderate346,108,Moderate
Moderate347,108,Moderate
Moderate348,108,Moderate
Moderate349,107,Moderate
Moderate350,107,Moderate
Moderate351,107,Moderate
Moderate352,107,Moderate
Moderate353,124,Moderate
Moderate354,124,Moderate
Moderate355,124,Moderate
Good356,47,Good
Good357,47,Good
Good358,47,Good
Moderate359,111,Moderate
Moderate360,111,Moderate
Moderate361,95,Moderate
Moderate362,95,Moderate
Moderate363,95,Moderate
Moderate364,84,Moderate
Moderate365,84,Moderate
Moderate366,84,Moderate
Moderate367,84,Moderate
Moderate368,76,Moderate
Moderate369,76,Moderate
Moderate370,76,Moderate
Moderate371,76,Moderate
Dangerous372,193,Dangerous
Dangerous373,193,Dangerous
Dangerous374,193,Dangerous
Dangerous375,193,Dangerous
Moderate376,90,Moderate
Moderate377,90,Moderate
Moderate378,90,Moderate
Dangerous379,190,Dangerous
Dangerous380,190,Dangerous
Dangerous381,190,Dangerous
Dangerous382,190,Dangerous
Dangerous383,190,Dangerous
Moderate384,97,Moderate
Moderate385,97,Moderate
Moderate386,97,Moderate
Moderate387,97,Moderate
Moderate388,113,Moderate
Moderate389,113,Moderate
Moderate390,113,Moderate
Moderate391,113,Moderate
Moderate392,148,Moderate
Moderate393,148,Moderate
Moderate394,148,Moderate
Moderate395,148,Moderate
Moderate396,148,Moderate
Moderate397,128,Moderate
Moderate398,128,Moderate
Moderate399,128,Moderate
Moderate400,128,Moderate
Good401,17,Good
Good402,17,Good
Good403,17,Good
Good404,17,Good
Good405,17,Good
Good406,25,Good
Good407,25,Good
Good408,25,Good
Good409,25,Good
Good410,25,Good
Good411,25,Good
Good412,25,Good
Good413,29,Good
Good414,29,Good
Good415,29,Good
Good416,29,Good
Good417,29,Good
Good418,29,Good
Good419,29,Good
Good420,29,Good
Good421,29,Good
Good422,29,Good
Good423,29,Good
Good424,29,Good
Good425,31,Good
Good426,31,Good
Good427,31,Good
Good428,31,Good
Good429,31,Good
Good430,31,Good
Good431,31,Good
Good432,31,Good
Good433,31,Good
Good434,31,Good
Good435,31,Good
Good436,31,Good
Good437,31,Good
Good438,31,Good
Good439,31,Good
Good440,31,Good
Good441,31,Good
Good442,32,Good
Good443,32,Good
Good444,32,Good
Good445,32,Good
Good446,32,Good
Good447,32,Good
Good448,32,Good
Good449,33,Good
Good450,33,Good
Good451,33,Good
Good452,33,Good
Good453,33,Good
Good454,33,Good
Good455,33,Good
Good456,33,Good
Good457,33,Good
Good458,33,Good
Good459,33,Good
Good460,33,Good
Good461,33,Good
Good462,33,Good
Good463,33,Good
Good464,33,Good
Good465,33,Good
Good466,33,Good
Good467,33,Good
Good468,33,Good
Good469,37,Good
Good470,37,Good
Good471,37,Good
Good472,37,Good
Good473,37,Good
Good474,37,Good
Good475,37,Good
Good476,38,Good
Good477,38,Good
Good478,38,Good
Good479,38,Good
Good480,38,Good
Good481,38,Good
Good482,39,Good
Good483,39,Good
Good484,39,Good
Good485,39,Good
Good486,39,Good
Good487,44,Good
Good488,44,Good
Good489,44,Good
Good490,44,Good
Good491,44,Good
Good492,44,Good
Good493,44,Good
Good494,44,Good
Good495,44,Good
Good496,46,Good
Good497,46,Good
Good498,52,Good
Good499,52,Good
Good500,52,Good
Good501,52,Good
Good502,52,Good
Good503,52,Good
Good504,52,Good
Good505,52,Good
Good506,52,Good
Good507,52,Good
Good508,52,Good
Good509,53,Good
Good510,53,Good
Good511,53,Good
Good512,53,Good
Good513,53,Good
Good514,58,Good
Good515,58,Good
Good516,58,Good
Good517,58,Good
Good518,58,Good
Good519,58,Good
Good520,58,Good
Good521,61,Good
Good522,61,Good
Good523,61,Good
Good524,61,Good
Good525,61,Good
Good526,61,Good
Good527,61,Good
Good528,61,Good
Good529,61,Good
Good530,61,Good
Good531,61,Good
Good532,61,Good
Good533,61,Good
Good534,61,Good
Good535,61,Good
Good536,65,Good
Good537,65,Good
Good538,65,Good
Good539,65,Good
Good540,65,Good
Good541,65,Good
Good542,65,Good
Good543,67,Good
Good544,67,Good
Good545,67,Good
Good546,67,Good
Good547,67,Good
Good548,67,Good
Good549,67,Good
Good550,69,Good
Good551,69,Good
Good552,69,Good
Good553,69,Good
Good554,69,Good
Good555,69,Good
Good556,69,Good
Moderate557,87,Moderate
Moderate558,87,Moderate
Moderate559,87,Moderate
Moderate560,87,Moderate
Moderate561,87,Moderate
Moderate562,90,Moderate
Moderate563,90,Moderate
Moderate564,90,Moderate
Moderate565,90,Moderate
Moderate566,90,Moderate
Moderate567,90,Moderate
Moderate568,90,Moderate
Moderate569,114,Moderate
Moderate570,114,Moderate
Moderate571,114,Moderate
Moderate572,114,Moderate
Moderate573,114,Moderate
Moderate574,114,Moderate
Moderate575,114,Moderate
Moderate576,114,Moderate
Moderate577,129,Moderate
Moderate578,129,Moderate
Moderate579,129,Moderate
Moderate580,129,Moderate
Moderate581,129,Moderate
Moderate582,129,Moderate
Moderate583,129,Moderate
Moderate584,131,Moderate
Moderate585,131,Moderate
Moderate586,131,Moderate
Moderate587,131,Moderate
Moderate588,131,Moderate
Moderate589,131,Moderate
Moderate590,131,Moderate
Moderate591,131,Moderate
Dangerous592,213,Dangerous
Dangerous593,213,Dangerous
Dangerous594,213,Dangerous
Dangerous595,213,Dangerous
Dangerous596,213,Dangerous
Dangerous597,213,Dangerous
Dangerous598,213,Dangerous
Dangerous599,213,Dangerous
Dangerous600,213,Dangerous
Dangerous601,219,Dangerous
Dangerous602,219,Dangerous
Dangerous603,219,Dangerous
Dangerous604,219,Dangerous
